,country_of_origin,variety,aroma,aftertaste,acidity,body,balance,moisture,specialty
780,Brazil,Other,7.25,7.58,7.58,7.25,7.92,0.0,No
1293,Other,Other,7.0,6.83,7.17,7.0,7.17,0.11,No
1223,Mexico,Caturra,7.25,7.0,6.83,7.58,7.08,0.13,No
157,Brazil,Catuai,8.5,7.5,7.75,7.5,7.83,0.11,Yes
520,Mexico,Bourbon,7.5,7.5,7.5,7.58,7.58,0.11,Yes
1016,Mexico,Bourbon,7.5,7.17,7.42,7.5,7.33,0.11,No
748,Mexico,Typica,7.67,7.33,7.5,7.42,7.42,0.12,No
787,Mexico,Typica,7.42,7.5,7.33,7.42,7.42,0.13,No
1279,Mexico,Typica,7.17,6.83,7.17,7.42,6.67,0.13,No
583,Other,Other,7.5,7.42,7.58,7.58,7.5,0.12,Yes
700,Mexico,Typica,7.83,7.42,7.67,7.17,7.33,0.12,No
235,Colombia,Caturra,7.92,7.67,7.75,7.67,7.67,0.0,Yes
1254,Guatemala,Other,7.33,6.83,7.17,7.17,7.17,0.1,No
670,Brazil,Bourbon,7.67,7.33,7.67,7.5,7.5,0.0,Yes
246,Guatemala,Bourbon,7.75,7.5,7.83,7.58,7.67,0.1,Yes
410,Guatemala,Bourbon,7.83,7.17,7.67,7.67,7.67,0.11,Yes
179,Other,Other,7.33,7.83,7.75,7.75,7.92,0.11,Yes
1052,Other,Caturra,7.83,7.67,7.67,7.83,7.5,0.11,No
386,Colombia,Caturra,7.58,7.25,7.75,7.75,8.58,0.12,Yes
319,Taiwan,Caturra,7.5,7.33,7.92,7.83,7.67,0.1,Yes
743,Mexico,Other,7.58,7.42,7.42,7.42,7.42,0.12,No
738,Other,Bourbon,7.58,7.5,7.67,7.83,8.42,0.12,No
147,Other,Other,7.83,7.83,7.75,7.58,7.83,0.1,Yes
783,Other,Other,7.42,7.5,7.33,7.33,7.5,0.12,No
717,Guatemala,Other,7.58,7.5,7.58,7.75,7.5,0.12,No
746,Guatemala,Bourbon,7.5,7.33,7.58,7.67,7.33,0.11,No
155,Colombia,Caturra,7.42,7.75,7.75,8.08,7.83,0.11,Yes
750,Mexico,Typica,7.33,7.42,7.67,7.33,7.5,0.11,No
1047,Other,Typica,7.42,7.42,7.25,7.08,7.33,0.12,No
253,Other,Other,7.67,7.5,7.75,7.92,7.67,0.0,Yes
901,Taiwan,Typica,7.33,7.08,7.08,8.33,8.25,0.0,No
899,Other,Other,7.42,7.33,7.42,7.42,7.33,0.12,No
1008,Other,Other,7.33,7.17,7.33,7.42,7.42,0.12,No
445,Guatemala,Caturra,7.67,7.42,7.75,7.58,7.5,0.11,Yes
338,Other,Other,7.67,7.58,7.58,7.67,7.75,0.1,Yes
261,Brazil,Bourbon,7.58,7.67,7.75,7.58,7.83,0.11,Yes
1185,Other,Catuai,7.58,6.75,6.92,7.0,6.92,0.11,No
167,Mexico,Typica,7.92,7.75,7.75,7.75,7.83,0.11,Yes
1153,Mexico,Bourbon,7.25,7.17,7.08,7.17,7.0,0.14,No
582,Guatemala,Bourbon,7.42,7.42,7.67,7.5,7.5,0.1,Yes
846,Other,Other,7.58,7.33,7.33,7.33,7.42,0.13,No
788,Mexico,Typica,7.5,7.42,7.5,7.25,7.5,0.13,No
726,Guatemala,Bourbon,7.67,7.33,7.67,7.5,7.33,0.11,No
1011,Mexico,Other,7.08,7.33,7.33,7.42,7.25,0.12,No
516,Colombia,Caturra,7.58,7.42,7.67,7.58,7.42,0.0,Yes
348,Mexico,Typica,7.83,7.58,7.58,7.67,7.58,0.12,Yes
906,Mexico,Typica,7.67,7.42,7.58,7.58,7.42,0.11,No
18,Other,Other,8.42,8.08,8.17,7.92,8.0,0.1,Yes
709,Other,Caturra,7.75,7.25,7.25,7.42,7.67,0.1,No
1268,Mexico,Typica,7.42,6.83,7.08,6.92,6.83,0.16,No
525,Colombia,Caturra,7.67,7.58,7.5,7.67,7.42,0.12,Yes
683,Brazil,Other,7.17,7.33,7.5,7.75,7.42,0.0,No
1172,Mexico,Caturra,7.25,6.92,7.25,7.58,7.08,0.12,No
517,Colombia,Caturra,7.5,7.42,7.58,7.75,7.58,0.11,Yes
601,Mexico,Typica,8.08,8.0,8.0,7.83,7.92,0.12,Yes
817,Other,Caturra,7.58,7.25,7.33,7.42,7.5,0.12,No
349,Colombia,Caturra,7.67,7.58,7.58,7.67,7.75,0.11,Yes
387,Guatemala,Bourbon,7.75,7.33,7.83,7.5,7.67,0.1,Yes
961,Brazil,Catuai,7.5,7.5,7.5,7.75,7.83,0.11,No
1308,Other,Caturra,7.25,6.33,6.25,6.42,6.08,0.13,No
1248,Guatemala,Bourbon,7.0,6.67,7.17,6.83,6.83,0.11,No
303,Other,Other,7.83,7.83,7.67,8.0,8.17,0.12,Yes
1213,Mexico,Caturra,6.92,6.67,7.25,7.17,6.92,0.13,No
1300,Mexico,Bourbon,6.5,6.42,7.17,7.33,6.5,0.11,No
507,Taiwan,Typica,7.92,7.83,7.58,7.33,7.25,0.08,Yes
890,Mexico,Bourbon,7.67,7.17,7.75,7.5,7.25,0.11,No
1190,Mexico,Typica,7.17,6.92,7.08,7.17,7.0,0.14,No
791,Mexico,Typica,7.58,7.25,7.75,7.33,7.42,0.11,No
976,Other,Caturra,6.83,7.42,7.17,7.5,7.42,0.12,No
331,Mexico,Typica,7.67,7.5,7.33,7.83,8.25,0.12,Yes
465,Mexico,Typica,7.75,7.58,7.5,7.42,7.58,0.12,Yes
1050,Other,Other,7.58,7.0,7.67,7.5,7.5,0.13,No
1305,Other,Catuai,7.0,6.17,6.5,6.67,6.17,0.1,No
747,Mexico,Bourbon,7.5,7.42,7.67,7.33,7.42,0.13,No
496,Brazil,Bourbon,7.58,7.5,7.75,7.67,7.5,0.0,Yes
368,Mexico,Typica,7.67,7.67,7.75,7.58,7.5,0.11,Yes
984,Brazil,Other,7.42,7.25,7.42,7.5,7.17,0.12,No
497,Brazil,Bourbon,7.5,7.58,7.67,7.58,7.5,0.11,Yes
323,Guatemala,Bourbon,8.0,7.33,8.0,8.0,8.0,0.1,Yes
484,Brazil,Bourbon,7.58,7.67,7.42,7.42,7.5,0.0,Yes
968,Taiwan,Typica,7.5,7.25,7.25,7.25,7.25,0.11,No
1307,Other,Typica,6.75,6.42,6.67,7.08,6.67,0.14,No
29,Taiwan,Other,8.0,8.0,8.25,8.0,8.17,0.0,Yes
469,Colombia,Caturra,7.58,7.5,7.58,7.67,7.67,0.11,Yes
814,Colombia,Caturra,7.33,7.08,7.42,7.5,7.67,0.07,No
1158,Other,Bourbon,7.25,7.0,6.83,7.33,7.17,0.0,No
739,Other,Catuai,7.58,7.42,7.58,7.42,7.42,0.11,No
1216,Guatemala,Other,7.33,6.92,7.58,7.25,7.17,0.12,No
25,Brazil,Bourbon,8.5,8.0,8.0,8.0,8.0,0.12,Yes
650,Mexico,Typica,7.67,7.58,7.75,7.67,6.83,0.12,Yes
1023,Other,Caturra,7.33,7.25,7.0,7.5,7.42,0.1,No
667,Mexico,Typica,7.67,7.33,7.67,7.5,7.33,0.12,Yes
555,Mexico,Typica,8.0,7.67,7.17,7.67,7.42,0.14,Yes
728,Mexico,Bourbon,7.67,7.5,7.58,7.5,7.5,0.13,No
549,Colombia,Caturra,7.58,7.75,7.33,7.58,7.58,0.11,Yes
808,Mexico,Typica,7.67,7.25,7.5,7.42,7.42,0.12,No
1140,Guatemala,Bourbon,7.33,6.92,7.33,7.25,7.33,0.1,No
723,Colombia,Caturra,7.5,7.5,7.5,7.5,7.58,0.0,No
1103,Guatemala,Caturra,7.0,7.33,7.33,7.0,7.17,0.11,No
653,Brazil,Bourbon,7.5,7.5,7.5,7.58,7.5,0.11,Yes
35,Other,Other,8.08,8.0,8.25,7.92,7.92,0.12,Yes
689,Mexico,Bourbon,7.5,7.5,7.92,7.42,7.67,0.12,No
400,Mexico,Caturra,7.75,7.5,7.67,7.5,7.58,0.12,Yes
1154,Mexico,Typica,7.33,7.0,7.08,7.08,7.0,0.1,No
936,Brazil,Catuai,7.33,7.5,7.33,6.83,7.42,0.11,No
1212,Other,Typica,7.0,6.83,7.17,7.17,7.17,0.0,No
523,Colombia,Caturra,7.67,7.58,7.58,7.67,7.42,0.11,Yes
904,Mexico,Typica,7.67,7.42,7.5,6.75,7.42,0.12,No
1014,Guatemala,Bourbon,7.67,7.33,7.58,7.67,7.5,0.1,No
898,Other,Caturra,7.58,7.5,7.17,7.08,7.58,0.12,No
868,Colombia,Caturra,7.33,7.33,7.33,7.5,7.67,0.0,No
478,Colombia,Caturra,7.58,7.33,7.67,7.75,7.58,0.0,Yes
197,Colombia,Caturra,7.67,7.75,7.75,7.67,7.92,0.11,Yes
108,Taiwan,Typica,7.67,8.0,7.58,8.0,7.92,0.11,Yes
973,Mexico,Caturra,7.75,7.08,7.25,7.08,7.25,0.12,No
567,Colombia,Other,7.83,7.5,7.58,7.5,7.67,0.0,Yes
886,Taiwan,Typica,7.58,7.33,7.42,7.33,7.33,0.11,No
536,Taiwan,Caturra,7.17,7.25,7.67,7.67,7.58,0.09,Yes
1180,Mexico,Typica,7.42,7.08,7.17,7.08,7.08,0.14,No
214,Guatemala,Caturra,7.75,7.58,7.92,7.67,7.67,0.1,Yes
697,Mexico,Other,7.58,7.17,7.5,7.5,7.5,0.14,No
116,Other,Other,7.75,7.67,7.67,8.25,7.75,0.12,Yes
779,Brazil,Bourbon,7.42,7.42,7.5,7.42,7.25,0.11,No
871,Guatemala,Bourbon,7.42,7.08,7.42,7.33,7.42,0.1,No
840,Other,Catuai,7.33,7.5,7.42,7.33,7.33,0.0,No
139,Guatemala,Bourbon,7.67,7.67,8.0,7.67,7.83,0.12,Yes
295,Other,Other,7.75,7.5,7.58,7.75,7.75,0.11,Yes
79,Other,Other,7.83,7.75,8.08,7.92,7.75,0.0,Yes
882,Other,Caturra,7.5,7.5,7.5,7.17,7.17,0.1,No
759,Other,Bourbon,7.58,7.42,7.33,7.5,7.42,0.13,No
979,Other,Caturra,7.58,7.33,7.08,7.33,7.33,0.12,No
563,Other,Bourbon,7.83,7.75,7.83,7.75,7.75,0.11,Yes
447,Other,Other,7.5,7.33,7.67,7.67,7.67,0.11,Yes
991,Other,Caturra,7.42,7.17,7.25,7.25,7.58,0.13,No
863,Mexico,Bourbon,7.5,7.33,7.42,7.25,7.25,0.13,No
318,Brazil,Bourbon,7.58,7.58,7.75,7.58,7.58,0.11,Yes
887,Mexico,Typica,7.5,7.08,7.58,7.33,7.33,0.12,No
1271,Other,Other,6.83,6.67,6.83,7.0,6.83,0.11,No
280,Taiwan,Typica,7.67,7.67,7.75,7.42,7.75,0.0,Yes
121,Other,Other,7.92,7.58,7.92,7.75,7.83,0.13,Yes
1218,Mexico,Typica,7.0,6.75,7.33,6.92,6.92,0.13,No
432,Mexico,Caturra,7.75,7.42,7.92,7.33,7.5,0.12,Yes
474,Brazil,Other,7.75,7.58,7.5,7.75,7.5,0.12,Yes
222,Colombia,Other,7.67,7.67,7.42,7.83,8.58,0.12,Yes
505,Guatemala,Bourbon,7.83,7.25,7.67,7.75,7.5,0.11,Yes
1105,Other,Other,7.42,7.25,7.58,7.42,7.33,0.0,No
23,Other,Other,8.25,8.17,8.17,7.83,8.17,0.0,Yes
586,Other,Bourbon,7.67,7.17,7.33,7.58,7.67,0.0,Yes
1141,Other,Caturra,6.83,7.17,6.92,7.5,7.08,0.11,No
154,Other,Bourbon,7.75,7.75,8.0,7.83,7.67,0.12,Yes
112,Brazil,Bourbon,8.0,7.75,7.75,8.0,7.75,0.11,Yes
1202,Mexico,Typica,7.5,6.92,7.5,7.25,7.0,0.14,No
617,Taiwan,Typica,8.0,7.83,7.42,7.25,7.25,0.08,Yes
481,Brazil,Other,7.33,7.67,7.33,7.75,7.42,0.0,Yes
96,Other,Other,8.17,7.75,7.75,7.67,7.75,0.11,Yes
1025,Taiwan,Typica,7.42,7.25,7.25,7.25,7.25,0.11,No
518,Mexico,Typica,7.67,7.42,7.5,7.67,7.58,0.11,Yes
543,Brazil,Other,7.08,7.5,7.83,7.75,7.67,0.11,Yes
576,Mexico,Typica,7.58,7.5,7.42,7.67,7.58,0.11,Yes
361,Colombia,Caturra,8.0,7.25,7.58,7.92,7.58,0.11,Yes
513,Colombia,Caturra,7.75,7.33,7.5,7.58,7.17,0.11,Yes
412,Other,Bourbon,7.75,7.33,7.5,7.5,7.75,0.0,Yes
915,Other,Catuai,7.25,7.25,7.5,7.33,7.33,0.0,No
209,Other,Other,8.17,7.58,7.67,7.83,7.58,0.13,Yes
467,Colombia,Caturra,7.67,7.5,7.5,7.58,8.17,0.11,Yes
487,Taiwan,Typica,7.75,7.5,7.5,7.5,7.5,0.11,Yes
66,Other,Other,7.92,7.83,8.08,7.83,7.92,0.1,Yes
710,Other,Catuai,7.75,7.5,7.5,7.33,7.58,0.0,No
369,Mexico,Other,7.75,7.67,7.75,7.33,7.5,0.12,Yes
693,Mexico,Typica,7.42,7.5,7.42,7.58,7.5,0.13,No
1301,Mexico,Typica,6.92,6.83,6.92,7.42,6.92,0.12,No
1085,Mexico,Caturra,7.42,7.08,7.33,7.25,7.17,0.12,No
1149,Other,Catuai,7.58,7.67,7.75,7.67,7.58,0.1,No
1080,Taiwan,Typica,7.58,7.17,7.17,7.17,7.17,0.14,No
958,Other,Catuai,7.33,7.17,7.33,7.5,7.33,0.12,No
1183,Mexico,Bourbon,7.0,6.92,7.17,7.17,7.08,0.13,No
27,Other,Other,8.42,8.17,8.17,7.83,7.92,0.12,Yes
1206,Other,Caturra,7.17,6.92,7.0,7.0,7.0,0.1,No
1173,Mexico,Typica,7.25,7.0,7.25,7.17,7.17,0.12,No
850,Colombia,Caturra,7.5,7.0,7.42,7.5,7.58,0.0,No
450,Guatemala,Bourbon,7.5,7.5,7.83,7.58,7.5,0.11,Yes
867,Mexico,Typica,7.5,7.25,7.33,7.67,7.25,0.12,No
815,Guatemala,Bourbon,7.58,7.25,7.58,7.58,7.5,0.1,No
654,Other,Other,7.83,7.25,7.5,7.42,7.33,0.11,Yes
1020,Brazil,Other,7.25,7.25,7.25,7.25,7.33,0.12,No
1253,Brazil,Bourbon,7.5,7.42,7.58,7.58,6.92,0.0,No
409,Colombia,Caturra,7.67,7.5,7.67,7.92,7.42,0.11,Yes
4,Other,Other,8.25,8.25,8.5,8.42,8.33,0.12,Yes
701,Colombia,Caturra,7.67,7.25,7.42,7.5,7.67,0.0,No
807,Brazil,Other,7.33,7.42,7.17,7.33,7.42,0.11,No
763,Other,Catuai,7.67,7.25,7.42,7.58,7.42,0.11,No
1128,Mexico,Other,7.08,7.0,7.33,7.08,7.0,0.11,No
1200,Other,Typica,7.67,7.08,7.25,8.0,7.5,0.0,No
1258,Mexico,Other,7.08,7.0,7.25,7.33,7.25,0.12,No
856,Brazil,Other,7.33,7.25,7.5,7.5,7.25,0.02,No
1068,Taiwan,Other,7.17,7.17,7.42,7.17,7.25,0.0,No
171,Other,Caturra,7.58,7.83,8.0,7.67,7.58,0.1,Yes
937,Other,Catuai,7.5,7.17,7.25,7.5,7.42,0.12,No
215,Guatemala,Bourbon,7.58,7.58,7.83,7.83,7.67,0.1,Yes
1065,Guatemala,Bourbon,7.17,6.83,7.5,7.17,7.25,0.11,No
1136,Mexico,Typica,7.33,7.0,7.42,7.17,7.17,0.12,No
283,Other,Catuai,7.83,7.5,7.83,7.75,7.83,0.1,Yes
472,Brazil,Other,7.92,7.5,7.58,7.42,7.5,0.11,Yes
685,Mexico,Typica,7.42,7.42,7.58,7.42,7.5,0.11,No
248,Colombia,Caturra,7.58,7.75,7.92,7.75,7.92,0.12,Yes
272,Mexico,Typica,7.5,7.58,7.83,7.75,7.75,0.11,Yes
826,Mexico,Bourbon,7.58,7.25,7.58,7.5,7.25,0.12,No
489,Mexico,Other,7.75,7.42,7.75,7.5,7.5,0.1,Yes
1078,Mexico,Typica,7.25,7.08,7.33,7.25,7.17,0.15,No
347,Colombia,Caturra,7.67,7.58,7.67,7.75,7.58,0.11,Yes
2,Guatemala,Bourbon,8.42,8.42,8.42,8.33,8.42,0.0,Yes
766,Other,Other,7.75,7.42,7.58,7.33,7.42,0.12,No
85,Colombia,Caturra,7.58,7.92,7.83,8.0,7.92,0.12,Yes
547,Guatemala,Caturra,7.67,7.42,7.5,7.33,7.5,0.1,Yes
133,Other,Catuai,8.0,7.83,7.75,7.75,7.75,0.11,Yes
193,Colombia,Caturra,7.83,7.75,7.58,7.67,8.0,0.11,Yes
609,Other,Other,7.67,7.42,7.42,7.42,7.5,0.13,Yes
441,Guatemala,Bourbon,7.58,7.33,7.67,7.75,7.58,0.1,Yes
1203,Mexico,Typica,7.17,6.83,7.25,7.17,6.92,0.14,No
624,Guatemala,Caturra,7.67,7.17,7.67,7.5,7.5,0.11,Yes
573,Mexico,Caturra,7.58,7.5,7.58,7.5,7.5,0.12,Yes
1319,Other,Other,7.67,7.58,7.83,7.83,8.0,0.09,Yes
545,Other,Other,7.75,7.58,7.5,7.5,7.5,0.12,Yes
89,Colombia,Caturra,8.17,7.58,8.08,8.0,7.75,0.0,Yes
77,Other,Caturra,7.92,8.0,7.92,8.0,8.08,0.0,Yes
406,Other,Catuai,7.5,7.67,7.5,7.83,7.17,0.11,Yes
534,Other,Bourbon,7.5,7.75,7.58,7.92,7.83,0.0,Yes
1069,Guatemala,Caturra,7.33,7.08,7.17,7.25,7.17,0.1,No
954,Other,Catuai,7.58,7.17,7.42,7.17,7.17,0.09,No
241,Other,Other,7.83,7.67,7.75,7.33,7.75,0.11,Yes
341,Other,Other,7.75,7.58,7.67,7.5,7.67,0.0,Yes
1299,Mexico,Other,6.92,6.92,6.92,7.17,7.0,0.12,No
566,Brazil,Catuai,7.58,7.33,7.67,7.42,7.33,0.12,Yes
43,Taiwan,Bourbon,8.08,7.75,8.08,7.75,7.83,0.12,Yes
912,Other,Caturra,7.5,7.33,7.42,7.17,7.25,0.1,No
1285,Mexico,Typica,7.08,6.83,7.5,7.33,6.83,0.12,No
1179,Mexico,Typica,7.0,6.83,7.33,7.42,6.92,0.14,No
963,Brazil,Other,7.17,7.17,7.08,6.92,8.17,0.0,No
953,Brazil,Catuai,7.25,7.33,7.33,7.33,7.42,0.11,No
54,Colombia,Caturra,8.0,8.0,8.17,7.83,8.0,0.0,Yes
827,Mexico,Typica,7.5,7.25,7.25,7.5,7.5,0.13,No
207,Mexico,Bourbon,7.83,7.75,7.67,7.83,7.58,0.12,Yes
1019,Other,Other,7.33,7.17,7.25,7.42,7.33,0.12,No
1074,Guatemala,Other,7.5,6.83,7.5,7.17,7.17,0.11,No
344,Colombia,Caturra,7.67,7.67,7.58,7.67,7.75,0.12,Yes
715,Other,Other,7.33,7.42,7.58,7.33,7.5,0.12,No
883,Other,Caturra,7.5,7.17,7.17,7.5,7.08,0.11,No
1198,Guatemala,Other,7.33,6.58,7.42,7.08,6.83,0.12,No
664,Colombia,Caturra,7.5,7.42,7.42,7.58,7.58,0.11,Yes
434,Brazil,Other,7.75,7.5,7.58,7.58,7.58,0.11,Yes
1012,Mexico,Typica,7.58,7.5,7.67,7.58,7.5,0.0,No
712,Brazil,Bourbon,8.25,7.25,8.33,8.17,8.08,0.07,No
404,Other,Caturra,7.67,7.42,7.67,7.67,7.67,0.12,Yes
922,Taiwan,Typica,7.5,7.25,7.25,7.33,7.33,0.11,No
711,Other,Other,7.5,7.42,7.5,7.42,7.42,0.12,No
716,Brazil,Bourbon,7.75,7.67,8.08,8.08,8.0,0.11,No
327,Guatemala,Bourbon,7.83,7.33,7.67,7.67,7.83,0.11,Yes
770,Taiwan,Typica,7.67,7.5,7.17,7.17,7.58,0.0,No
688,Brazil,Other,7.25,7.25,7.5,7.42,7.5,0.0,No
376,Guatemala,Bourbon,7.67,7.5,7.58,7.58,7.67,0.1,Yes
141,Other,Other,7.92,7.75,7.92,7.67,7.75,0.11,Yes
729,Guatemala,Bourbon,7.5,7.33,7.5,7.33,7.5,0.1,No
290,Mexico,Other,7.67,7.5,7.75,7.75,7.75,0.11,Yes
1104,Mexico,Caturra,7.58,7.17,7.25,6.75,7.0,0.11,No
11,Other,Other,8.25,8.17,8.33,8.08,8.17,0.0,Yes
591,Other,Other,7.5,7.42,7.67,7.5,7.5,0.11,Yes
1109,Mexico,Typica,7.33,6.92,7.42,7.25,7.08,0.11,No
67,Other,Other,7.83,7.83,7.92,7.83,8.08,0.12,Yes
823,Other,Other,7.67,7.42,7.33,7.75,7.42,0.0,No
864,Mexico,Other,7.42,7.17,7.67,7.33,7.42,0.13,No
551,Guatemala,Bourbon,7.83,7.25,7.92,7.5,7.17,0.11,Yes
1280,Mexico,Typica,7.0,6.75,6.92,7.17,6.83,0.14,No
655,Other,Caturra,7.58,7.33,7.5,7.5,7.5,0.1,Yes
161,Other,Caturra,7.92,7.83,7.83,7.58,7.58,0.11,Yes
699,Mexico,Bourbon,7.67,7.33,7.42,7.58,7.33,0.13,No
993,Mexico,Typica,7.25,7.33,7.33,7.17,7.33,0.13,No
1123,Other,Other,7.17,7.0,7.42,7.17,7.0,0.0,No
964,Other,Catuai,7.08,7.33,7.17,7.42,7.25,0.1,No
217,Other,Caturra,7.67,7.83,7.5,7.67,7.83,0.12,Yes
1201,Mexico,Other,6.75,6.67,7.25,7.17,7.08,0.12,No
1222,Mexico,Typica,7.08,6.83,7.0,7.0,6.92,0.12,No
1264,Guatemala,Bourbon,7.5,6.83,7.5,7.17,7.33,0.11,No
928,Mexico,Typica,7.5,7.25,7.5,7.42,7.58,0.11,No
515,Colombia,Caturra,7.33,7.75,7.42,7.75,7.58,0.11,Yes
198,Colombia,Caturra,7.83,7.75,7.58,7.92,7.75,0.12,Yes
955,Brazil,Other,7.17,7.42,7.25,7.42,7.33,0.12,No
80,Other,Other,8.0,7.92,8.08,7.83,7.75,0.0,Yes
460,Guatemala,Catuai,7.33,7.17,8.17,7.33,7.67,0.09,Yes
978,Other,Bourbon,7.58,7.17,7.33,7.33,7.25,0.12,No
159,Other,Other,7.92,7.67,7.75,7.83,7.75,0.11,Yes
1077,Guatemala,Bourbon,7.5,7.0,7.67,7.17,7.0,0.12,No
1002,Colombia,Caturra,7.67,7.42,5.25,7.67,7.75,0.0,No
967,Other,Other,7.33,7.17,7.5,7.25,7.42,0.13,No
309,Mexico,Caturra,7.83,7.58,7.5,7.75,7.67,0.13,Yes
982,Mexico,Typica,7.42,7.08,7.75,7.42,7.17,0.13,No
698,Mexico,Caturra,7.58,7.33,7.58,7.5,7.5,0.11,No
358,Other,Other,7.25,7.58,7.92,7.83,7.58,0.13,Yes
957,Other,Other,7.75,7.08,7.33,7.33,7.25,0.13,No
333,Guatemala,Caturra,7.67,7.33,8.0,7.67,7.67,0.1,Yes
47,Colombia,Caturra,7.75,7.83,8.08,8.08,8.17,0.12,Yes
564,Other,Other,7.25,7.5,7.42,7.75,7.42,0.11,Yes
330,Guatemala,Bourbon,7.67,7.5,7.42,7.58,7.83,0.11,Yes
196,Other,Other,7.83,7.58,7.75,7.75,7.75,0.1,Yes
1034,Mexico,Bourbon,7.5,7.33,7.25,7.17,7.17,0.13,No
724,Mexico,Typica,7.67,7.42,7.5,7.42,7.42,0.12,No
1115,Taiwan,Typica,7.42,7.25,7.17,7.0,7.0,0.07,No
891,Mexico,Bourbon,7.5,7.33,7.42,7.42,7.42,0.11,No
471,Brazil,Other,7.75,7.58,7.5,7.58,7.58,0.12,Yes
12,Other,Other,8.08,8.33,8.42,8.0,8.08,0.0,Yes
562,Other,Other,7.33,7.67,7.83,7.33,7.67,0.0,Yes
249,Colombia,Caturra,7.67,7.5,7.5,7.67,7.67,0.12,Yes
1281,Mexico,Typica,7.08,6.58,7.0,7.0,6.75,0.17,No
987,Brazil,Other,7.58,7.5,7.25,7.75,7.58,0.11,No
593,Other,Other,7.75,7.42,7.5,7.33,7.5,0.12,Yes
180,Other,Caturra,7.92,7.75,7.67,7.67,7.75,0.1,Yes
378,Other,Caturra,7.58,7.42,7.92,7.5,7.67,0.09,Yes
592,Colombia,Caturra,7.5,7.58,7.75,7.33,7.5,0.0,Yes
506,Brazil,Catuai,7.67,7.67,7.5,7.42,7.5,0.0,Yes
1024,Guatemala,Other,7.58,6.92,7.5,7.25,7.17,0.12,No
903,Guatemala,Bourbon,7.42,7.17,7.58,7.42,7.5,0.12,No
994,Mexico,Typica,7.33,7.33,7.42,7.25,7.42,0.12,No
773,Guatemala,Caturra,7.25,7.0,7.75,8.17,7.75,0.12,No
426,Colombia,Caturra,7.58,7.5,7.58,7.58,7.75,0.0,Yes
618,Mexico,Typica,7.67,7.42,7.5,7.42,7.5,0.11,Yes
130,Other,Caturra,8.17,7.83,7.17,7.83,7.75,0.12,Yes
951,Other,Caturra,7.5,7.0,7.17,7.5,7.33,0.11,No
974,Other,Caturra,7.5,7.33,7.17,7.08,7.17,0.11,No
674,Other,Other,7.42,7.17,7.58,7.58,7.5,0.12,No
1240,Guatemala,Bourbon,7.0,6.83,7.17,6.67,6.83,0.11,No
833,Guatemala,Bourbon,7.42,7.25,7.5,7.33,7.42,0.1,No
733,Colombia,Caturra,7.83,7.33,7.25,7.58,7.42,0.0,No
847,Brazil,Bourbon,7.33,7.25,7.17,7.83,7.33,0.11,No
1133,Mexico,Other,7.17,6.92,7.25,7.33,7.08,0.12,No
680,Other,Other,7.67,7.42,7.5,7.42,7.42,0.1,No
45,Brazil,Bourbon,8.33,8.0,8.0,7.75,8.0,0.11,Yes
1033,Mexico,Typica,7.33,7.33,7.33,7.25,7.17,0.11,No
721,Taiwan,Typica,7.5,7.5,7.5,7.5,7.5,0.11,No
440,Brazil,Bourbon,7.67,7.5,7.58,7.67,7.58,0.11,Yes
855,Mexico,Typica,7.33,7.25,7.5,7.5,7.5,0.12,No
63,Other,Bourbon,7.83,8.0,7.75,7.92,8.17,0.11,Yes
199,Colombia,Other,7.83,7.83,7.58,7.67,7.75,0.12,Yes
201,Other,Other,7.83,7.75,7.83,7.67,7.67,0.12,Yes
524,Guatemala,Bourbon,7.5,7.5,7.67,7.5,7.83,0.1,Yes
682,Other,Other,7.67,7.42,7.42,7.67,7.42,0.13,No
381,Other,Other,7.5,7.75,7.5,7.75,7.67,0.13,Yes
830,Mexico,Bourbon,7.67,7.33,7.83,7.5,7.5,0.12,No
1132,Mexico,Bourbon,7.33,7.08,7.33,7.42,7.17,0.12,No
377,Colombia,Caturra,7.67,7.5,7.67,7.67,7.58,0.11,Yes
703,Colombia,Caturra,7.33,7.17,7.58,7.42,7.58,0.0,No
288,Guatemala,Bourbon,7.5,7.5,7.83,7.83,7.67,0.11,Yes
512,Brazil,Other,7.75,7.42,7.67,7.42,7.67,0.12,Yes
375,Colombia,Caturra,7.5,7.58,7.5,7.75,7.83,0.0,Yes
101,Other,Other,7.75,7.75,8.08,8.0,7.75,0.0,Yes
363,Colombia,Caturra,7.75,7.33,7.5,7.83,7.83,0.0,Yes
1027,Taiwan,Typica,7.42,7.25,7.25,7.25,7.25,0.11,No
769,Taiwan,Typica,7.5,7.5,7.5,7.5,7.5,0.11,No
425,Taiwan,Typica,7.92,7.75,7.58,7.5,7.33,0.1,Yes
1022,Brazil,Bourbon,7.17,7.17,7.25,7.25,7.33,0.1,No
1163,Mexico,Other,6.92,7.17,7.17,7.08,7.08,0.0,No
880,Brazil,Bourbon,7.25,7.25,7.5,7.5,7.42,0.1,No
570,Colombia,Typica,7.5,7.58,7.5,7.58,7.58,0.0,Yes
730,Brazil,Other,7.58,7.42,7.5,7.5,7.42,0.12,No
339,Colombia,Caturra,7.67,7.58,7.67,7.75,7.58,0.12,Yes
1309,Guatemala,Catuai,7.5,6.67,7.67,7.33,6.67,0.1,No
580,Guatemala,Bourbon,7.5,7.17,7.67,7.67,7.58,0.11,Yes
466,Mexico,Other,7.58,7.42,7.67,7.5,7.58,0.14,Yes
1051,Guatemala,Bourbon,7.67,6.83,7.17,7.42,7.17,0.11,No
648,Colombia,Caturra,7.58,7.42,7.58,7.67,7.42,0.11,Yes
216,Colombia,Caturra,8.0,7.5,7.67,8.0,7.83,0.0,Yes
925,Mexico,Catuai,7.42,7.17,7.42,7.17,8.0,0.12,No
821,Other,Other,7.33,7.33,7.42,7.5,7.58,0.12,No
662,Brazil,Other,7.42,7.67,7.33,7.42,7.67,0.11,Yes
255,Other,Other,7.67,7.67,7.75,7.83,7.67,0.0,Yes
284,Guatemala,Bourbon,7.58,7.33,8.0,7.58,7.75,0.1,Yes
834,Other,Catuai,7.25,7.5,7.33,7.67,7.42,0.0,No
364,Other,Caturra,7.67,7.67,7.5,7.67,7.67,0.1,Yes
148,Guatemala,Other,7.75,7.67,7.92,7.75,7.83,0.11,Yes
165,Other,Other,7.92,7.67,8.0,7.67,7.75,0.11,Yes
1124,Mexico,Typica,7.58,7.42,7.5,7.5,7.5,0.0,No
98,Other,Catuai,7.83,7.58,7.92,7.92,7.83,0.12,Yes
854,Mexico,Bourbon,7.83,7.25,7.58,7.25,7.33,0.12,No
380,Other,Other,7.58,7.33,7.75,7.67,7.58,0.11,Yes
128,Other,Catuai,8.08,7.67,7.83,7.5,7.92,0.1,Yes
861,Other,Other,7.42,7.42,7.42,7.33,7.33,0.12,No
578,Guatemala,Caturra,7.5,7.42,7.67,7.58,7.5,0.1,Yes
225,Brazil,Other,7.58,7.75,7.67,7.67,8.0,0.11,Yes
353,Other,Caturra,7.92,7.5,7.67,7.5,7.67,0.0,Yes
22,Mexico,Other,8.17,8.17,8.0,7.83,8.17,0.13,Yes
1038,Other,Catuai,6.92,7.0,7.58,7.5,7.08,0.0,No
131,Other,Other,8.08,7.75,7.83,7.58,7.67,0.1,Yes
126,Other,Other,7.92,7.75,7.75,7.75,7.75,0.12,Yes
511,Other,Catuai,7.67,7.5,7.58,7.5,7.5,0.11,Yes
598,Colombia,Caturra,7.58,7.17,7.33,7.25,8.58,0.1,Yes
1015,Other,Other,7.17,7.5,7.5,8.0,7.75,0.11,No
914,Taiwan,Typica,7.5,7.33,7.08,7.58,7.25,0.12,No
1084,Mexico,Typica,6.92,7.08,7.5,7.33,7.17,0.1,No
924,Mexico,Typica,7.58,7.25,7.42,7.33,7.33,0.12,No
62,Other,Bourbon,7.92,8.0,7.92,7.75,7.83,0.1,Yes
615,Other,Other,7.5,7.5,7.5,7.5,7.58,0.12,Yes
806,Taiwan,Typica,7.42,7.33,7.42,8.0,7.5,0.12,No
315,Other,Other,8.08,7.67,7.58,7.25,7.67,0.11,Yes
48,Other,Other,7.92,7.83,8.5,7.5,7.92,0.11,Yes
1204,Mexico,Typica,7.33,6.75,7.08,7.17,7.25,0.12,No
1195,Mexico,Other,7.25,6.75,7.33,7.42,7.0,0.11,No
799,Other,Other,7.42,7.33,7.58,7.33,7.42,0.12,No
301,Colombia,Caturra,7.75,7.5,7.67,7.58,7.83,0.0,Yes
996,Mexico,Typica,7.42,7.25,7.42,7.17,7.25,0.1,No
270,Colombia,Caturra,7.67,7.67,7.75,7.67,7.83,0.12,Yes
1261,Mexico,Typica,6.67,6.42,6.83,7.0,6.92,0.0,No
790,Other,Other,7.67,7.17,7.08,7.67,7.08,0.12,No
92,Colombia,Caturra,7.83,7.75,7.75,7.83,7.83,0.11,Yes
565,Guatemala,Bourbon,7.58,7.33,7.67,7.67,7.5,0.11,Yes
125,Other,Bourbon,7.83,7.5,8.0,7.83,7.67,0.0,Yes
852,Brazil,Bourbon,7.75,7.5,7.42,7.83,7.75,0.12,No
65,Other,Caturra,8.0,7.83,7.83,7.67,8.58,0.09,Yes
1030,Other,Other,7.42,7.17,7.17,7.17,7.25,0.0,No
575,Guatemala,Bourbon,7.67,7.33,7.5,7.33,7.92,0.11,Yes
122,Other,Catuai,7.83,8.0,7.67,7.67,7.67,0.11,Yes
21,Other,Caturra,8.08,8.0,8.17,8.0,8.33,0.11,Yes
1211,Mexico,Bourbon,7.67,6.83,7.33,7.58,7.17,0.12,No
800,Other,Other,7.5,7.33,7.58,7.33,7.5,0.13,No
32,Brazil,Bourbon,8.5,8.0,7.75,8.0,8.0,0.12,Yes
419,Guatemala,Other,7.5,7.42,7.83,7.67,7.58,0.11,Yes
1120,Mexico,Typica,7.33,7.25,7.08,7.08,7.08,0.15,No
1287,Guatemala,Bourbon,6.5,6.5,7.5,7.33,6.83,0.11,No
388,Guatemala,Caturra,7.67,7.5,7.83,7.58,7.5,0.1,Yes
1161,Mexico,Typica,7.42,6.83,7.58,7.17,6.58,0.12,No
1063,Brazil,Bourbon,7.42,7.33,7.0,7.08,7.25,0.0,No
878,Other,Other,7.42,7.25,7.42,7.5,7.42,0.12,No
841,Mexico,Catuai,7.58,7.33,7.5,7.17,7.33,0.11,No
243,Guatemala,Caturra,7.67,7.58,7.92,7.75,7.67,0.12,Yes
919,Taiwan,Typica,7.42,7.67,7.33,7.42,7.5,0.11,No
737,Brazil,Other,7.42,7.5,7.08,7.5,7.42,0.0,No
1217,Taiwan,Typica,6.83,7.17,7.25,7.0,6.92,0.1,No
322,Colombia,Caturra,7.5,7.5,7.75,7.67,7.67,0.11,Yes
1055,Colombia,Caturra,7.67,7.42,7.67,7.5,7.75,0.0,No
960,Mexico,Typica,7.33,7.17,7.42,7.58,7.33,0.12,No
427,Guatemala,Caturra,7.5,7.58,7.67,7.67,7.5,0.1,Yes
1269,Other,Other,7.33,6.5,6.08,7.58,6.33,0.12,No
372,Guatemala,Bourbon,7.5,7.75,7.5,8.0,7.67,0.0,Yes
1028,Mexico,Typica,7.58,7.08,7.5,7.17,7.25,0.13,No
448,Other,Other,7.67,7.5,7.67,7.42,7.58,0.1,Yes
844,Taiwan,Typica,7.67,7.17,7.25,7.75,7.33,0.0,No
706,Brazil,Catuai,7.33,7.5,7.33,7.5,7.5,0.11,No
977,Other,Typica,7.25,7.25,7.08,7.58,7.5,0.0,No
809,Brazil,Other,7.42,7.33,7.5,7.33,7.5,0.12,No
541,Mexico,Typica,7.83,7.25,7.58,7.5,7.5,0.13,Yes
579,Guatemala,Caturra,7.58,7.5,7.58,7.5,7.42,0.11,Yes
200,Colombia,Caturra,7.42,7.83,7.75,7.92,7.83,0.12,Yes
1322,Other,Other,7.67,7.75,7.5,7.75,7.58,0.11,No
684,Guatemala,Caturra,7.5,7.5,7.67,7.42,7.5,0.1,No
1042,Other,Caturra,7.25,7.17,7.33,7.33,7.17,0.11,No
166,Mexico,Typica,8.0,7.42,8.08,7.5,7.67,0.12,Yes
242,Other,Caturra,7.42,7.75,7.92,7.75,7.58,0.1,Yes
1162,Mexico,Caturra,7.33,7.0,6.75,7.08,7.0,0.13,No
1107,Other,Catuai,7.25,7.0,7.17,7.08,7.08,0.11,No
297,Colombia,Caturra,7.83,7.58,7.58,7.58,7.58,0.11,Yes
771,Colombia,Caturra,7.33,7.25,7.58,7.75,7.5,0.0,No
182,Other,Catuai,7.58,7.58,7.75,7.92,7.75,0.11,Yes
859,Guatemala,Bourbon,7.5,7.25,7.42,7.42,7.33,0.11,No
965,Other,Catuai,7.42,7.17,7.5,7.33,7.25,0.12,No
866,Mexico,Caturra,7.33,7.33,7.67,7.42,7.25,0.12,No
634,Taiwan,Typica,7.67,7.5,7.42,7.58,7.5,0.11,Yes
546,Guatemala,Bourbon,7.75,7.42,7.58,7.67,7.5,0.1,Yes
1282,Mexico,Typica,7.33,6.67,7.25,7.5,7.0,0.12,No
836,Other,Other,7.75,7.58,7.75,7.92,7.83,0.11,No
902,Brazil,Other,7.42,7.33,7.33,7.5,7.25,0.12,No
1169,Other,Caturra,6.92,7.0,7.42,7.25,7.0,0.12,No
175,Taiwan,Typica,7.83,7.75,8.0,7.5,7.75,0.11,Yes
202,Other,Other,7.83,7.75,7.75,7.67,7.75,0.12,Yes
366,Colombia,Caturra,7.58,7.58,7.75,7.58,7.75,0.11,Yes
367,Mexico,Bourbon,7.83,7.25,7.5,7.5,7.42,0.13,Yes
1174,Guatemala,Bourbon,7.08,7.25,7.58,7.33,7.42,0.1,No
1171,Colombia,Caturra,7.83,7.42,7.42,7.67,7.5,0.0,No
752,Colombia,Caturra,7.5,7.67,7.33,7.58,7.33,0.12,No
164,Guatemala,Bourbon,8.17,7.67,7.83,7.67,7.83,0.11,Yes
574,Mexico,Bourbon,7.67,7.42,7.75,7.42,7.42,0.12,Yes
268,Colombia,Caturra,7.75,7.67,7.83,7.83,7.67,0.0,Yes
988,Other,Other,7.33,7.33,7.42,7.33,7.33,0.11,No
336,Guatemala,Caturra,7.75,7.5,7.83,7.58,7.58,0.11,Yes
812,Brazil,Other,7.58,7.17,7.5,7.5,7.42,0.12,No
600,Mexico,Typica,7.58,7.33,7.75,7.25,7.58,0.12,Yes
772,Mexico,Typica,7.5,7.0,7.5,7.33,7.5,0.15,No
1241,Mexico,Other,7.25,7.0,7.0,7.25,7.08,0.12,No
1276,Mexico,Other,7.5,6.92,7.0,7.17,6.83,0.11,No
239,Other,Other,7.92,7.83,8.0,7.92,7.92,0.09,Yes
1178,Colombia,Caturra,7.42,6.75,7.25,7.42,7.25,0.0,No
113,Brazil,Catuai,8.0,7.75,8.0,7.5,7.75,0.12,Yes
641,Other,Other,7.75,7.33,7.5,7.58,7.5,0.12,Yes
945,Mexico,Caturra,7.42,7.25,7.17,7.25,7.42,0.13,No
194,Guatemala,Caturra,7.75,7.58,7.92,7.75,7.75,0.11,Yes
753,Colombia,Caturra,7.67,7.33,7.33,7.5,7.5,0.11,No
244,Colombia,Other,7.67,7.83,7.58,7.58,7.83,0.11,Yes
1110,Mexico,Typica,7.58,7.33,7.5,7.08,7.17,0.14,No
658,Other,Caturra,7.33,7.5,7.5,7.67,7.5,0.11,Yes
896,Guatemala,Bourbon,7.42,7.08,7.5,7.42,7.33,0.12,No
782,Other,Bourbon,7.42,7.42,7.42,7.5,7.58,0.12,No
921,Other,Other,7.42,7.25,7.42,7.42,7.33,0.11,No
362,Guatemala,Caturra,7.58,7.5,7.83,7.42,7.67,0.1,Yes
1090,Guatemala,Bourbon,7.33,6.83,7.5,7.0,7.17,0.11,No
837,Guatemala,Bourbon,7.58,7.33,7.42,7.58,7.25,0.1,No
417,Other,Catuai,7.5,7.83,7.5,7.67,7.67,0.11,Yes
835,Brazil,Other,7.42,7.42,7.5,7.42,7.25,0.11,No
1303,Other,Catuai,6.67,6.17,6.67,6.83,6.17,0.1,No
929,Other,Other,7.75,7.17,7.33,7.58,7.33,0.12,No
269,Taiwan,Typica,8.0,7.92,7.92,7.67,7.33,0.06,Yes
1234,Mexico,Typica,7.08,6.67,7.25,7.25,6.92,0.11,No
610,Other,Other,7.67,7.67,7.67,7.5,7.67,0.0,Yes
930,Brazil,Bourbon,7.5,7.17,7.42,7.5,7.33,0.12,No
1192,Guatemala,Bourbon,7.58,7.42,7.42,7.67,7.67,0.1,No
436,Colombia,Caturra,7.67,7.5,7.5,7.58,7.67,0.11,Yes
279,Brazil,Other,7.25,7.42,8.0,7.75,7.83,0.0,Yes
1263,Mexico,Typica,7.17,6.58,7.0,7.25,6.58,0.13,No
73,Brazil,Bourbon,8.0,8.0,7.67,7.75,8.0,0.11,Yes
1288,Mexico,Typica,7.0,6.67,6.83,7.08,6.83,0.14,No
870,Brazil,Bourbon,7.42,7.25,7.5,7.5,7.25,0.11,No
492,Colombia,Caturra,7.33,7.33,7.58,7.25,8.08,0.01,Yes
1122,Other,Caturra,7.33,6.92,7.08,7.42,7.17,0.1,No
1017,Other,Other,7.17,7.0,7.58,7.33,7.0,0.0,No
184,Colombia,Caturra,7.75,8.0,7.67,8.08,7.83,0.11,Yes
221,Other,Other,7.92,7.75,7.75,7.75,7.58,0.13,Yes
966,Guatemala,Other,7.33,7.17,7.25,7.42,7.33,0.09,No
464,Mexico,Typica,7.75,7.58,7.58,7.5,7.42,0.11,Yes
627,Mexico,Typica,7.5,7.58,7.58,7.42,7.42,0.12,Yes
509,Other,Other,7.67,7.67,7.83,7.75,7.83,0.0,Yes
626,Mexico,Other,7.58,7.42,7.58,7.42,7.5,0.11,Yes
892,Mexico,Bourbon,7.58,7.25,7.58,7.25,7.17,0.11,No
482,Taiwan,Typica,7.83,7.5,7.83,7.67,7.25,0.0,Yes
1306,Mexico,Bourbon,7.08,6.25,7.42,7.25,6.75,0.11,No
451,Guatemala,Bourbon,7.92,7.42,7.75,7.5,7.5,0.12,Yes
605,Other,Catuai,7.42,7.5,7.58,7.5,7.75,0.0,Yes
803,Other,Catuai,7.5,7.33,7.33,7.75,7.5,0.1,No
144,Other,Other,7.92,7.83,7.75,7.58,7.92,0.11,Yes
589,Brazil,Other,7.5,7.58,7.5,7.58,7.58,0.11,Yes
1099,Other,Caturra,7.08,7.0,7.25,7.5,7.25,0.11,No
160,Other,Other,7.75,7.67,7.83,7.75,7.67,0.1,Yes
920,Brazil,Other,7.58,7.5,7.67,7.67,7.83,0.0,No
153,Colombia,Caturra,7.67,7.83,8.0,7.58,7.92,0.0,Yes
619,Other,Other,7.67,7.33,7.67,7.5,7.5,0.12,Yes
435,Colombia,Caturra,7.67,7.58,7.42,7.83,7.58,0.12,Yes
69,Guatemala,Bourbon,8.0,7.67,8.33,7.83,8.0,0.11,Yes
656,Guatemala,Bourbon,7.5,7.33,7.5,7.67,7.5,0.1,Yes
87,Guatemala,Caturra,8.25,7.67,7.92,7.75,7.67,0.0,Yes
1046,Mexico,Typica,7.58,7.42,7.25,7.5,7.5,0.11,No
719,Colombia,Caturra,7.42,7.5,7.17,7.08,8.33,0.1,No
552,Colombia,Other,7.83,7.42,7.42,7.5,7.58,0.11,Yes
71,Other,Other,8.08,7.83,7.67,8.0,7.83,0.12,Yes
191,Taiwan,Typica,7.92,7.75,7.67,7.67,7.83,0.12,Yes
691,Colombia,Caturra,7.67,7.33,7.5,7.58,7.5,0.11,No
1255,Mexico,Typica,7.33,6.67,7.0,6.92,6.92,0.15,No
343,Colombia,Caturra,7.67,7.67,7.67,7.67,7.67,0.0,Yes
1021,Taiwan,Typica,7.92,7.33,7.08,7.08,7.08,0.09,No
1252,Guatemala,Bourbon,7.08,6.33,7.0,6.92,7.0,0.11,No
109,Other,Other,8.0,7.83,7.92,7.75,7.75,0.12,Yes
938,Taiwan,Typica,7.83,7.42,7.17,7.08,7.08,0.12,No
1205,Mexico,Typica,7.5,6.92,7.08,6.92,6.75,0.16,No
734,Brazil,Catuai,7.58,7.25,7.42,7.67,7.33,0.09,No
138,Guatemala,Bourbon,8.0,7.67,7.83,7.67,8.0,0.11,Yes
99,Mexico,Typica,7.83,7.83,7.75,7.67,7.83,0.09,Yes
107,Colombia,Caturra,7.92,7.75,7.83,7.75,8.0,0.12,Yes
659,Other,Other,7.67,7.33,7.58,7.5,7.5,0.12,Yes
307,Colombia,Caturra,7.75,7.75,7.58,7.42,8.0,0.11,Yes
761,Brazil,Other,6.92,7.42,7.33,7.83,7.5,0.0,No
473,Guatemala,Bourbon,7.75,7.67,7.5,7.92,8.0,0.0,Yes
1089,Taiwan,Other,7.25,7.08,7.25,7.25,7.25,0.11,No
962,Taiwan,Typica,7.83,7.67,7.83,7.83,7.75,0.12,No
694,Mexico,Typica,7.42,7.33,7.58,7.5,7.5,0.14,No
720,Taiwan,Typica,7.5,7.5,7.5,7.5,7.5,0.11,No
446,Other,Catuai,7.67,7.5,7.67,7.5,7.67,0.11,Yes
256,Other,Other,7.92,7.58,7.67,7.67,7.83,0.1,Yes
75,Other,Other,8.0,8.0,7.83,7.83,7.75,0.1,Yes
20,Other,Other,8.0,8.08,8.5,8.25,8.0,0.0,Yes
819,Other,Bourbon,7.67,7.33,7.5,7.5,7.67,0.11,No
1259,Other,Caturra,7.42,7.42,7.67,7.92,7.83,0.0,No
767,Mexico,Other,7.42,7.17,7.42,7.33,8.17,0.12,No
774,Mexico,Typica,7.5,7.25,7.5,7.5,7.33,0.12,No
975,Other,Catuai,7.42,7.0,7.42,7.33,7.33,0.13,No
9,Other,Other,8.08,8.5,8.5,7.67,8.42,0.1,Yes
1187,Guatemala,Catuai,7.25,6.75,7.25,7.0,6.92,0.11,No
1032,Mexico,Catuai,7.17,7.25,7.42,7.25,7.33,0.13,No
57,Guatemala,Bourbon,7.83,8.0,8.17,7.83,8.0,0.12,Yes
642,Other,Other,7.83,7.42,7.58,7.42,7.42,0.12,Yes
335,Brazil,Bourbon,7.58,7.58,7.58,7.67,7.58,0.11,Yes
1219,Mexico,Typica,7.92,7.58,7.92,7.92,7.5,0.1,No
84,Colombia,Caturra,8.17,7.83,8.0,7.58,7.83,0.11,Yes
203,Guatemala,Bourbon,7.83,7.5,7.92,7.58,7.75,0.1,Yes
798,Other,Other,7.42,7.25,7.33,7.5,7.5,0.12,No
355,Guatemala,Bourbon,7.67,7.5,7.83,7.58,7.58,0.1,Yes
927,Mexico,Bourbon,7.42,7.33,7.17,7.25,7.42,0.13,No
519,Mexico,Typica,7.67,7.5,7.58,7.58,7.67,0.11,Yes
599,Mexico,Typica,7.58,7.5,7.5,7.5,7.5,0.12,Yes
535,Colombia,Caturra,7.58,7.5,7.33,7.67,7.58,0.11,Yes
103,Mexico,Other,7.92,7.75,8.08,7.42,7.83,0.0,Yes
227,Other,Bourbon,8.42,7.5,7.17,7.58,8.17,0.11,Yes
839,Brazil,Other,7.58,6.92,6.92,7.67,7.5,0.0,No
1243,Other,Caturra,7.5,7.42,7.0,7.08,6.83,0.12,No
28,Other,Caturra,8.17,8.08,8.0,8.08,8.0,0.1,Yes
942,Mexico,Typica,7.67,7.25,7.17,7.25,7.42,0.0,No
140,Mexico,Typica,7.83,7.67,7.92,7.92,7.83,0.13,Yes
569,Guatemala,Bourbon,7.67,7.75,7.67,7.42,7.17,0.1,Yes
470,Mexico,Typica,7.5,7.58,7.58,7.67,7.5,0.11,Yes
424,Taiwan,Bourbon,7.67,7.5,7.5,7.67,7.83,0.1,Yes
127,Other,Other,7.75,7.75,7.42,8.08,7.83,0.12,Yes
990,Other,Other,7.42,7.33,7.25,7.25,7.33,0.13,No
745,Mexico,Bourbon,7.58,7.5,7.17,7.42,7.42,0.16,No
282,Brazil,Bourbon,7.67,7.58,7.5,7.83,8.17,0.0,Yes
302,Other,Bourbon,8.0,7.58,7.75,7.33,7.5,0.12,Yes
1170,Taiwan,Typica,6.92,7.17,7.0,7.42,7.0,0.0,No
1009,Taiwan,Typica,7.5,7.33,7.33,7.33,7.33,0.11,No
33,Other,Caturra,8.17,8.0,8.08,7.83,8.0,0.0,Yes
1064,Other,Caturra,7.5,7.0,7.42,7.33,7.0,0.11,No
820,Guatemala,Catuai,7.58,7.17,7.83,7.17,7.33,0.11,No
941,Guatemala,Bourbon,7.42,7.17,7.42,7.42,7.42,0.1,No
1229,Mexico,Typica,7.25,7.0,7.5,7.33,7.42,0.13,No
156,Brazil,Bourbon,8.0,7.75,7.75,7.58,7.75,0.12,Yes
1225,Mexico,Typica,7.58,7.0,7.17,7.33,7.0,0.14,No
804,Other,Caturra,7.33,7.33,7.5,7.5,7.83,0.11,No
1094,Brazil,Catuai,7.17,7.42,7.08,7.0,7.0,0.11,No
539,Other,Other,7.58,7.67,7.58,7.5,7.5,0.11,Yes
999,Other,Bourbon,7.42,7.08,7.33,7.25,7.58,0.0,No
371,Colombia,Caturra,7.67,7.58,7.67,7.67,7.67,0.11,Yes
163,Other,Other,7.67,7.75,7.83,7.75,7.58,0.0,Yes
885,Taiwan,Typica,7.5,7.5,7.25,7.42,7.25,0.11,No
590,Other,Other,7.67,7.33,7.33,7.67,7.67,0.1,Yes
316,Other,Caturra,7.5,7.67,7.67,8.0,8.0,0.1,Yes
325,Colombia,Caturra,7.67,7.67,7.67,7.33,7.75,0.0,Yes
1007,Other,Other,7.33,7.08,7.42,7.17,7.33,0.12,No
795,Other,Caturra,7.5,7.25,7.33,7.42,7.5,0.1,No
1157,Guatemala,Bourbon,7.42,7.25,7.58,7.42,7.33,0.1,No
873,Other,Catuai,7.58,7.33,7.33,7.42,7.25,0.11,No
1256,Other,Typica,6.83,6.83,6.75,6.92,6.92,0.1,No
1139,Other,Other,7.0,7.0,7.17,7.25,7.25,0.11,No
356,Colombia,Caturra,7.58,7.58,7.58,7.75,7.67,0.12,Yes
162,Colombia,Other,8.08,7.83,7.83,7.67,7.67,0.12,Yes
663,Guatemala,Bourbon,7.83,7.33,7.67,7.42,7.5,0.12,Yes
458,Other,Catuai,7.5,7.5,7.67,7.67,7.67,0.1,Yes
785,Other,Caturra,7.58,7.33,7.33,7.5,7.67,0.11,No
1145,Taiwan,Typica,7.75,7.17,7.33,7.67,7.83,0.0,No
324,Colombia,Caturra,7.83,7.67,7.58,7.58,7.67,0.0,Yes
647,Colombia,Caturra,7.75,7.75,7.25,7.33,7.58,0.11,Yes
638,Other,Typica,7.83,7.42,7.33,7.42,7.5,0.13,Yes
550,Colombia,Caturra,7.75,7.25,7.5,7.75,7.5,0.0,Yes
230,Other,Other,7.83,7.5,7.83,7.83,7.75,0.11,Yes
351,Colombia,Caturra,7.75,7.58,7.75,7.75,7.5,0.0,Yes
1040,Other,Other,7.25,7.17,7.25,7.33,7.25,0.12,No
1041,Other,Caturra,7.5,7.0,7.42,7.25,7.17,0.11,No
317,Other,Caturra,7.67,7.67,7.67,7.83,7.58,0.1,Yes
1097,Other,Other,8.0,7.0,7.33,7.08,6.92,0.11,No
273,Mexico,Typica,7.75,7.83,7.92,7.75,7.67,0.0,Yes
1152,Mexico,Bourbon,7.25,7.0,7.17,7.17,7.08,0.12,No
542,Mexico,Bourbon,7.75,7.42,7.42,7.75,7.5,0.12,Yes
1,Other,Other,8.75,8.5,8.58,8.42,8.42,0.12,Yes
500,Other,Bourbon,7.67,7.5,7.58,7.42,7.5,0.12,Yes
1081,Other,Bourbon,7.33,7.08,7.08,7.33,7.17,0.0,No
740,Other,Other,7.58,7.33,7.42,7.58,7.5,0.13,No
848,Other,Caturra,7.5,7.33,7.33,7.33,7.33,0.1,No
603,Colombia,Caturra,7.67,7.58,7.58,7.5,7.42,0.11,Yes
1227,Guatemala,Other,7.17,6.67,7.0,7.17,7.17,0.1,No
328,Colombia,Caturra,7.75,7.58,7.83,7.17,7.75,0.11,Yes
643,Other,Catuai,7.67,7.5,7.67,7.0,7.75,0.11,Yes
665,Guatemala,Bourbon,7.83,7.17,7.33,7.5,7.67,0.11,Yes
872,Guatemala,Bourbon,7.42,7.17,7.67,7.33,7.42,0.12,No
1039,Guatemala,Caturra,7.5,7.0,7.42,7.17,7.17,0.12,No
172,Other,Other,7.67,7.83,7.58,7.83,7.83,0.0,Yes
789,Mexico,Typica,7.67,7.25,7.58,7.42,7.33,0.11,No
219,Other,Caturra,7.67,7.67,7.75,7.5,8.0,0.0,Yes
1175,Guatemala,Other,7.25,6.83,7.0,7.0,7.17,0.1,No
895,Other,Other,7.5,7.08,7.42,7.5,7.33,0.11,No
537,Other,Other,7.58,7.5,7.5,7.58,7.58,0.0,Yes
480,Brazil,Other,7.58,7.58,7.5,7.67,7.58,0.11,Yes
276,Other,Caturra,7.67,7.75,7.67,7.5,7.75,0.0,Yes
1209,Mexico,Typica,7.25,6.83,7.0,7.17,7.0,0.14,No
917,Other,Other,7.67,6.92,7.5,7.5,7.17,0.12,No
553,Mexico,Typica,7.58,7.33,7.25,7.58,7.75,0.1,Yes
135,Taiwan,Typica,8.0,7.75,7.75,7.75,7.75,0.11,Yes
1189,Mexico,Typica,7.25,6.92,7.08,7.17,7.17,0.14,No
686,Brazil,Catuai,7.58,7.33,7.5,7.5,7.42,0.12,No
620,Taiwan,Typica,7.67,7.5,7.5,7.5,7.5,0.11,Yes
845,Other,Typica,7.42,7.42,7.33,7.42,7.42,0.11,No
456,Other,Other,8.0,7.5,7.42,7.33,7.58,0.1,Yes
1289,Mexico,Typica,6.92,6.17,7.33,7.25,6.75,0.13,No
399,Brazil,Catuai,7.5,7.33,7.58,7.58,7.92,0.1,Yes
110,Colombia,Caturra,7.75,7.83,7.75,7.75,8.0,0.11,Yes
1294,Mexico,Typica,7.08,6.92,7.08,6.92,6.92,0.0,No
151,Colombia,Caturra,7.75,7.83,7.75,7.58,8.0,0.0,Yes
53,Other,Other,8.17,7.92,8.08,7.83,7.75,0.12,Yes
1221,Mexico,Bourbon,7.25,6.92,6.92,7.25,7.58,0.0,No
1144,Guatemala,Bourbon,7.5,7.25,7.58,7.33,7.42,0.1,No
449,Other,Bourbon,7.5,7.33,7.67,8.0,7.67,0.0,Yes
186,Mexico,Typica,8.0,7.75,7.83,7.5,7.67,0.12,Yes
1062,Other,Other,7.25,7.08,7.33,7.33,7.25,0.12,No
136,Colombia,Caturra,7.75,7.75,7.83,7.75,7.83,0.0,Yes
177,Mexico,Other,7.75,7.75,7.67,7.83,7.67,0.12,Yes
291,Brazil,Other,7.83,7.58,7.67,7.5,7.58,0.12,Yes
972,Other,Bourbon,7.67,7.17,7.33,7.5,7.17,0.12,No
905,Mexico,Other,7.33,7.25,7.5,7.5,7.17,0.11,No
1210,Mexico,Typica,7.25,7.17,7.25,7.08,7.0,0.14,No
939,Other,Other,7.58,7.33,7.42,7.08,7.42,0.12,No
1134,Mexico,Bourbon,7.5,7.0,7.17,7.25,7.08,0.0,No
651,Colombia,Caturra,7.33,7.58,7.42,7.67,7.5,0.11,Yes
220,Other,Other,7.5,7.58,7.83,7.75,7.83,0.1,Yes
595,Colombia,Typica,7.67,7.42,7.58,7.33,7.67,0.12,Yes
613,Brazil,Other,7.58,7.42,7.67,7.5,7.5,0.0,Yes
383,Colombia,Caturra,7.58,7.58,7.67,7.58,7.67,0.12,Yes
422,Colombia,Caturra,7.58,7.67,7.17,7.75,7.83,0.0,Yes
1191,Mexico,Typica,6.75,6.83,7.25,7.58,7.08,0.01,No
671,Colombia,Caturra,7.67,7.33,7.5,7.25,7.67,0.11,Yes
346,Taiwan,Typica,7.75,7.75,7.75,7.5,7.58,0.11,Yes
1233,Other,Other,6.92,6.92,6.92,6.92,6.83,0.13,No
455,Colombia,Caturra,7.58,7.5,7.67,7.5,7.67,0.0,Yes
1073,Other,Other,7.17,7.17,7.42,7.25,7.08,0.0,No
1249,Taiwan,Typica,7.17,6.58,7.33,7.33,7.17,0.11,No
666,Mexico,Typica,7.5,7.5,7.5,7.42,7.42,0.13,Yes
829,Mexico,Other,7.33,7.17,7.58,7.42,7.33,0.12,No
340,Mexico,Caturra,7.75,7.58,7.58,7.5,7.67,0.12,Yes
208,Mexico,Bourbon,7.83,7.67,7.75,7.5,7.75,0.1,Yes
49,Other,Other,8.25,7.83,8.08,8.0,7.92,0.1,Yes
444,Other,Other,7.58,7.08,7.33,7.58,8.58,0.07,Yes
86,Other,Other,7.75,7.67,8.0,8.08,7.83,0.11,Yes
1102,Taiwan,Typica,7.25,7.25,7.25,7.17,7.25,0.11,No
370,Guatemala,Caturra,7.83,7.5,8.0,7.67,7.5,0.1,Yes
1182,Taiwan,Typica,7.08,6.83,7.25,7.42,7.08,0.11,No
918,Guatemala,Other,7.5,7.17,7.58,7.25,7.42,0.12,No
888,Guatemala,Bourbon,7.5,7.33,7.33,7.33,7.33,0.11,No
588,Other,Caturra,7.58,7.42,7.58,7.5,7.5,0.09,Yes
1235,Taiwan,Other,7.5,7.33,7.17,7.5,7.5,0.0,No
533,Brazil,Bourbon,7.67,7.5,7.58,7.58,7.5,0.0,Yes
732,Brazil,Other,7.58,7.25,7.58,7.42,7.5,0.11,No
877,Brazil,Other,7.25,6.92,7.42,7.5,7.58,0.0,No
1239,Other,Typica,7.33,6.92,7.08,7.33,7.0,0.1,No
1151,Mexico,Bourbon,7.58,6.92,7.58,7.5,6.92,0.13,No
1070,Other,Catuai,7.58,7.0,7.17,7.33,7.08,0.11,No
1005,Other,Caturra,7.42,7.25,7.33,7.25,7.17,0.12,No
44,Other,Other,8.08,8.0,8.0,7.83,8.08,0.11,Yes
1199,Other,Other,7.0,7.0,7.0,7.0,7.0,0.11,No
250,Other,Other,7.75,7.5,7.58,7.67,7.92,0.09,Yes
314,Brazil,Bourbon,7.67,7.5,7.67,7.67,7.5,0.11,Yes
621,Other,Caturra,7.42,7.5,7.67,7.58,7.5,0.11,Yes
1091,Mexico,Typica,7.25,7.08,7.33,7.33,7.17,0.11,No
1193,Other,Other,7.42,6.75,7.33,7.33,6.92,0.13,No
679,Colombia,Caturra,5.08,7.83,7.75,7.83,8.08,0.11,No
940,Brazil,Bourbon,7.25,7.42,7.17,7.33,7.33,0.0,No
428,Colombia,Caturra,7.83,7.67,7.33,7.67,7.67,0.11,Yes
236,Guatemala,Bourbon,7.58,7.67,8.0,7.75,7.67,0.1,Yes
129,Guatemala,Bourbon,7.75,7.58,8.0,7.92,7.75,0.1,Yes
145,Colombia,Other,7.83,7.58,7.92,7.67,7.83,0.0,Yes
911,Other,Caturra,7.5,7.33,7.33,7.25,7.33,0.11,No
